{
  "rmse": 1.2998296961776168,
  "mae": 1.0013812117898289,
  "precision_at_k": 0.0015337423312883436,
  "recall_at_k": 0.03067484662576687,
  "ndcg_at_k": 0.014907166578893936,
  "users_evaluated": 163,
  "k": 20,
  "pos_threshold": 2.5,
  "test_size": 0.1
}